{
	"credit": "Made with Blockbench",
	"texture_size": [64, 64],
	"textures": {
		"0": "minecraft:custom/neckiefun/knuckleblaster",
		"particle": "minecraft:custom/neckiefun/knuckleblaster"
	},
	"elements": [
		{
			"from": [7, 0, 5],
			"to": [11, 5, 12],
			"rotation": {"angle": 0, "axis": "y", "origin": [7, 0, 6]},
			"faces": {
				"north": {"uv": [7.75, 6, 8.75, 7.25], "texture": "#0"},
				"east": {"uv": [6.25, 2.25, 8, 3.5], "texture": "#0"},
				"south": {"uv": [7.75, 7.25, 8.75, 8.5], "texture": "#0"},
				"west": {"uv": [3, 6.25, 4.75, 7.5], "texture": "#0"},
				"up": {"uv": [1, 8.25, 0, 6.5], "texture": "#0"},
				"down": {"uv": [2, 6.5, 1, 8.25], "texture": "#0"}
			}
		},
		{
			"from": [6, 0, 5],
			"to": [7, 5, 12],
			"rotation": {"angle": 0, "axis": "y", "origin": [7, 0, 6]},
			"faces": {
				"north": {"uv": [6.75, 3.5, 7, 4.25], "texture": "#0"},
				"east": {"uv": [7, 5.25, 8.75, 6], "texture": "#0"},
				"south": {"uv": [6.75, 4.25, 7, 5], "texture": "#0"},
				"west": {"uv": [2.75, 7.5, 4.5, 8.25], "texture": "#0"},
				"up": {"uv": [2.25, 11, 2, 9.25], "texture": "#0"},
				"down": {"uv": [2.5, 9.25, 2.25, 11], "texture": "#0"}
			}
		},
		{
			"from": [8, 5, 5],
			"to": [11, 7, 12],
			"rotation": {"angle": 0, "axis": "y", "origin": [7, 5, 6]},
			"faces": {
				"north": {"uv": [8.75, 7.5, 9.5, 8], "texture": "#0"},
				"east": {"uv": [8.5, 4.25, 10.25, 4.75], "texture": "#0"},
				"south": {"uv": [8.75, 8, 9.5, 8.5], "texture": "#0"},
				"west": {"uv": [8.5, 4.75, 10.25, 5.25], "texture": "#0"},
				"up": {"uv": [8, 1.75, 7.25, 0], "texture": "#0"},
				"down": {"uv": [2.75, 7.5, 2, 9.25], "texture": "#0"}
			}
		},
		{
			"from": [11, 2, 6],
			"to": [12, 4, 8],
			"rotation": {"angle": 0, "axis": "y", "origin": [10, 2, 6]},
			"faces": {
				"north": {"uv": [4.5, 7.5, 4.75, 8], "texture": "#0"},
				"east": {"uv": [9.25, 5.25, 9.75, 5.75], "texture": "#0"},
				"south": {"uv": [5.5, 9.5, 5.75, 10], "texture": "#0"},
				"west": {"uv": [9.25, 5.75, 9.75, 6.25], "texture": "#0"},
				"up": {"uv": [10, 6.75, 9.75, 6.25], "texture": "#0"},
				"down": {"uv": [10, 6.75, 9.75, 7.25], "texture": "#0"}
			}
		},
		{
			"from": [11, 2, 9],
			"to": [12, 4, 11],
			"rotation": {"angle": 0, "axis": "y", "origin": [10, 2, 9]},
			"faces": {
				"north": {"uv": [8.25, 9.75, 8.5, 10.25], "texture": "#0"},
				"east": {"uv": [8.25, 9.25, 8.75, 9.75], "texture": "#0"},
				"south": {"uv": [8.5, 9.75, 8.75, 10.25], "texture": "#0"},
				"west": {"uv": [9.25, 8.5, 9.75, 9], "texture": "#0"},
				"up": {"uv": [10, 9, 9.75, 8.5], "texture": "#0"},
				"down": {"uv": [9, 9.75, 8.75, 10.25], "texture": "#0"}
			}
		},
		{
			"from": [8, -2, 9],
			"to": [10, 0, 11],
			"rotation": {"angle": 0, "axis": "y", "origin": [8, -2, 9]},
			"faces": {
				"north": {"uv": [8.75, 9.25, 9.25, 9.75], "texture": "#0"},
				"east": {"uv": [9.25, 9, 9.75, 9.5], "texture": "#0"},
				"south": {"uv": [9.5, 1.5, 10, 2], "texture": "#0"},
				"west": {"uv": [9.5, 2, 10, 2.5], "texture": "#0"},
				"up": {"uv": [3, 10, 2.5, 9.5], "texture": "#0"},
				"down": {"uv": [10, 2.5, 9.5, 3], "texture": "#0"}
			}
		},
		{
			"from": [8, -2, 6],
			"to": [10, 0, 8],
			"rotation": {"angle": 0, "axis": "y", "origin": [8, -2, 6]},
			"faces": {
				"north": {"uv": [3, 9.5, 3.5, 10], "texture": "#0"},
				"east": {"uv": [3.5, 9.5, 4, 10], "texture": "#0"},
				"south": {"uv": [4, 9.5, 4.5, 10], "texture": "#0"},
				"west": {"uv": [4.5, 9.5, 5, 10], "texture": "#0"},
				"up": {"uv": [5.5, 10, 5, 9.5], "texture": "#0"},
				"down": {"uv": [10, 7.5, 9.5, 8], "texture": "#0"}
			}
		},
		{
			"from": [8, 7, 7],
			"to": [10, 9, 10],
			"rotation": {"angle": 0, "axis": "y", "origin": [8, 7, 8]},
			"faces": {
				"north": {"uv": [9.5, 8, 10, 8.5], "texture": "#0"},
				"east": {"uv": [9, 0.5, 9.75, 1], "texture": "#0"},
				"south": {"uv": [9.25, 9.5, 9.75, 10], "texture": "#0"},
				"west": {"uv": [9, 1, 9.75, 1.5], "texture": "#0"},
				"up": {"uv": [2.5, 4.75, 2, 4], "texture": "#0"},
				"down": {"uv": [9.5, 2.25, 9, 3], "texture": "#0"}
			}
		},
		{
			"from": [7, 9, 5],
			"to": [11, 19, 12],
			"rotation": {"angle": 0, "axis": "y", "origin": [8, 9, 7]},
			"faces": {
				"north": {"uv": [0, 4, 1, 6.5], "texture": "#0"},
				"east": {"uv": [2.5, 0, 4.25, 2.5], "texture": "#0"},
				"south": {"uv": [1, 4, 2, 6.5], "texture": "#0"},
				"west": {"uv": [2.5, 2.5, 4.25, 5], "texture": "#0"},
				"up": {"uv": [7.75, 8, 6.75, 6.25], "texture": "#0"},
				"down": {"uv": [8, 3.5, 7, 5.25], "texture": "#0"}
			}
		},
		{
			"from": [7, 19, 8],
			"to": [11, 22, 12],
			"rotation": {"angle": 0, "axis": "y", "origin": [8, 19, 7]},
			"faces": {
				"north": {"uv": [8.25, 8.5, 9.25, 9.25], "texture": "#0"},
				"east": {"uv": [2.75, 8.75, 3.75, 9.5], "texture": "#0"},
				"south": {"uv": [3.75, 8.75, 4.75, 9.5], "texture": "#0"},
				"west": {"uv": [4.75, 8.75, 5.75, 9.5], "texture": "#0"},
				"up": {"uv": [9, 1.5, 8, 0.5], "texture": "#0"},
				"down": {"uv": [9, 2.25, 8, 3.25], "texture": "#0"}
			}
		},
		{
			"from": [7, 21, 1],
			"to": [11, 29, 11],
			"rotation": {"angle": -22.5, "axis": "x", "origin": [8, 21, 4]},
			"faces": {
				"north": {"uv": [4.75, 6.25, 5.75, 8.25], "texture": "#0"},
				"east": {"uv": [0, 0, 2.5, 2], "texture": "#0"},
				"south": {"uv": [5.75, 6.25, 6.75, 8.25], "texture": "#0"},
				"west": {"uv": [0, 2, 2.5, 4], "texture": "#0"},
				"up": {"uv": [5.25, 5, 4.25, 2.5], "texture": "#0"},
				"down": {"uv": [3, 5, 2, 7.5], "texture": "#0"}
			}
		},
		{
			"from": [9, 30, -2],
			"to": [13, 32, 8],
			"rotation": {"angle": 22.5, "axis": "z", "origin": [10, 24, 2]},
			"faces": {
				"north": {"uv": [8.75, 6.5, 9.75, 7], "texture": "#0"},
				"east": {"uv": [7.25, 1.75, 9.5, 2.25], "texture": "#0"},
				"south": {"uv": [8.75, 7, 9.75, 7.5], "texture": "#0"},
				"west": {"uv": [8, 0, 10.25, 0.5], "texture": "#0"},
				"up": {"uv": [6.25, 4.75, 5.25, 2.5], "texture": "#0"},
				"down": {"uv": [7.25, 0, 6.25, 2.25], "texture": "#0"}
			}
		},
		{
			"from": [8, 19, 2],
			"to": [10, 24, 10],
			"rotation": {"angle": 0, "axis": "y", "origin": [8, 19, 7]},
			"faces": {
				"north": {"uv": [6.25, 3.5, 6.75, 4.75], "texture": "#0"},
				"east": {"uv": [4.25, 0, 6.25, 1.25], "texture": "#0"},
				"south": {"uv": [8.75, 5.25, 9.25, 6.5], "texture": "#0"},
				"west": {"uv": [4.25, 1.25, 6.25, 2.5], "texture": "#0"},
				"up": {"uv": [8.5, 5.25, 8, 3.25], "texture": "#0"},
				"down": {"uv": [7.25, 8, 6.75, 10], "texture": "#0"}
			}
		},
		{
			"from": [8, 26, -1],
			"to": [10, 31, 7],
			"rotation": {"angle": 0, "axis": "y", "origin": [8, 26, 4]},
			"faces": {
				"north": {"uv": [5.75, 8.75, 6.25, 10], "texture": "#0"},
				"east": {"uv": [3, 5, 5, 6.25], "texture": "#0"},
				"south": {"uv": [6.25, 8.75, 6.75, 10], "texture": "#0"},
				"west": {"uv": [5, 5, 7, 6.25], "texture": "#0"},
				"up": {"uv": [7.75, 10, 7.25, 8], "texture": "#0"},
				"down": {"uv": [0.5, 8.25, 0, 10.25], "texture": "#0"}
			}
		},
		{
			"from": [8, 15, 10],
			"to": [10, 17, 18],
			"rotation": {"angle": 22.5, "axis": "x", "origin": [8, 15, 12]},
			"faces": {
				"north": {"uv": [9.75, 0.5, 10.25, 1], "texture": "#0"},
				"east": {"uv": [2.75, 8.25, 4.75, 8.75], "texture": "#0"},
				"south": {"uv": [9.75, 1, 10.25, 1.5], "texture": "#0"},
				"west": {"uv": [4.75, 8.25, 6.75, 8.75], "texture": "#0"},
				"up": {"uv": [1, 10.25, 0.5, 8.25], "texture": "#0"},
				"down": {"uv": [1.5, 8.25, 1, 10.25], "texture": "#0"}
			}
		},
		{
			"from": [8, 19, 10],
			"to": [10, 21, 18],
			"rotation": {"angle": -22.5, "axis": "x", "origin": [8, 19, 12]},
			"faces": {
				"north": {"uv": [9.75, 5.25, 10.25, 5.75], "texture": "#0"},
				"east": {"uv": [8.5, 3.25, 10.5, 3.75], "texture": "#0"},
				"south": {"uv": [9.75, 5.75, 10.25, 6.25], "texture": "#0"},
				"west": {"uv": [8.5, 3.75, 10.5, 4.25], "texture": "#0"},
				"up": {"uv": [2, 10.25, 1.5, 8.25], "texture": "#0"},
				"down": {"uv": [8.25, 8.5, 7.75, 10.5], "texture": "#0"}
			}
		}
	],
	"display": {
		"thirdperson_righthand": {
			"rotation": [104.99, 0.35, 0.43],
			"translation": [0.25, -0.25, -4.25],
			"scale": [1.01859, 0.75102, 0.81938]
		},
		"thirdperson_lefthand": {
			"rotation": [103.74, -52.59, -93.29],
			"translation": [-3, 3.5, 0],
			"scale": [0.35258, 0.35258, 0.35258]
		},
		"firstperson_righthand": {
			"rotation": [-138.09, 77.46, -106.68],
			"translation": [4.75, -0.5, -27.5],
			"scale": [1.63867, 1.53125, 1.56836]
		},
		"firstperson_lefthand": {
			"rotation": [-175.5, 0, 81.5],
			"translation": [15.75, 0, -5.5]
		},
		"ground": {
			"rotation": [-175.15, -50.41, -90.35],
			"translation": [-4, 0, 5],
			"scale": [0.4668, 0.4668, 0.4668]
		},
		"gui": {
			"rotation": [89.19, -46.31, 90.84],
			"translation": [2, -4.75, 0],
			"scale": [0.5293, 0.5293, 0.5293]
		},
		"head": {
			"translation": [0, 15.75, 0]
		},
		"fixed": {
			"rotation": [93.8, 37.94, -92.34],
			"translation": [-2.5, -5.25, 0]
		}
	},
	"groups": [
		{
			"name": "Blaster",
			"origin": [8, 8, 8],
			"color": 0,
			"children": [0, 1, 2, 3, 4, 5, 6]
		},
		7,
		8,
		9,
		10,
		11,
		12,
		13,
		14,
		15
	]
}