{
	"credit": "Made with Blockbench",
	"texture_size": [64, 64],
	"textures": {
		"0": "murasama",
		"particle": "murasama"
	},
	"elements": [
		{
			"from": [7, -13, 10],
			"to": [9, -7, 12],
			"rotation": {"angle": -22.5, "axis": "x", "origin": [7, -12, 10]},
			"faces": {
				"north": {"uv": [2.5, 3, 3, 4.5], "texture": "#0"},
				"east": {"uv": [3, 3, 3.5, 4.5], "texture": "#0"},
				"south": {"uv": [3.5, 0, 4, 1.5], "texture": "#0"},
				"west": {"uv": [3.5, 1.5, 4, 3], "texture": "#0"},
				"up": {"uv": [4.5, 1, 4, 0.5], "texture": "#0"},
				"down": {"uv": [4.5, 1, 4, 1.5], "texture": "#0"}
			}
		},
		{
			"from": [7, -7, 7],
			"to": [9, 30, 10],
			"rotation": {"angle": -22.5, "axis": "x", "origin": [7, -6, 7]},
			"faces": {
				"north": {"uv": [1.5, 0, 2, 9.25], "texture": "#0"},
				"east": {"uv": [0, 0, 0.75, 9.25], "texture": "#0"},
				"south": {"uv": [2, 0, 2.5, 9.25], "texture": "#0"},
				"west": {"uv": [0.75, 0, 1.5, 9.25], "texture": "#0"},
				"up": {"uv": [4, 3.75, 3.5, 3], "texture": "#0"},
				"down": {"uv": [4, 3.75, 3.5, 4.5], "texture": "#0"}
			}
		},
		{
			"from": [7, 30, 8],
			"to": [9, 32, 10],
			"rotation": {"angle": -22.5, "axis": "x", "origin": [7, -6, 7]},
			"faces": {
				"north": {"uv": [4, 1.5, 4.5, 2], "texture": "#0"},
				"east": {"uv": [4, 2, 4.5, 2.5], "texture": "#0"},
				"south": {"uv": [4, 2.5, 4.5, 3], "texture": "#0"},
				"west": {"uv": [4, 3, 4.5, 3.5], "texture": "#0"},
				"up": {"uv": [4.5, 4, 4, 3.5], "texture": "#0"},
				"down": {"uv": [4.5, 4, 4, 4.5], "texture": "#0"}
			}
		},
		{
			"from": [6, -7, 8],
			"to": [10, -6, 14],
			"rotation": {"angle": -22.5, "axis": "x", "origin": [7, -12, 10]},
			"faces": {
				"north": {"uv": [4.5, 0.5, 5.5, 0.75], "texture": "#0"},
				"east": {"uv": [4, 0, 5.5, 0.25], "texture": "#0"},
				"south": {"uv": [4.5, 0.75, 5.5, 1], "texture": "#0"},
				"west": {"uv": [4, 0.25, 5.5, 0.5], "texture": "#0"},
				"up": {"uv": [3.5, 1.5, 2.5, 0], "texture": "#0"},
				"down": {"uv": [3.5, 1.5, 2.5, 3], "texture": "#0"}
			}
		}
	],
	"display": {
		"thirdperson_righthand": {
			"rotation": [31.5, 0, 0],
			"translation": [0, 12.75, 7],
			"scale": [0.45898, 0.92383, 0.87109]
		},
		"thirdperson_lefthand": {
			"rotation": [-12.45, 0.01, -179.95],
			"translation": [0, -18.25, 2.5],
			"scale": [0.45898, 0.92383, 0.87109]
		},
		"firstperson_righthand": {
			"rotation": [-2.22, 4, -10.18],
			"translation": [9.5, 10.25, -7.5],
			"scale": [0.73438, 1, 1]
		},
		"firstperson_lefthand": {
			"rotation": [163, 0, 0],
			"translation": [14, -16, -9.25],
			"scale": [0.71, 1, 1]
		},
		"ground": {
			"rotation": [26.04, 25.77, 89.74],
			"translation": [0, -0.5, 2.25],
			"scale": [0.53906, 1.00781, 1.00781]
		},
		"gui": {
			"rotation": [-91.17, -64.99, -91.08],
			"translation": [-2, 0.5, 0],
			"scale": [0.67578, 0.67578, 0.67578]
		},
		"head": {
			"translation": [0, 0, 11.25]
		},
		"fixed": {
			"rotation": [157.75, 0, 0],
			"translation": [0, 19.5, -17],
			"scale": [1.88477, 1.88477, 1.88477]
		}
	},
	"groups": [
		{
			"name": "Murasama",
			"origin": [8, 8, 8],
			"color": 0,
			"children": [0, 1, 2, 3]
		}
	]
}