{
	"credit": "Made with Blockbench",
	"texture_size": [64, 64],
	"elements": [
		{
			"name": "main",
			"from": [0, 0, 0],
			"to": [16, 16, 16],
			"color": 8,
			"faces": {
				"north": {"uv": [0, 0, 4, 4], "texture": "#mt"},
				"east": {"uv": [0, 4, 4, 8], "texture": "#mt"},
				"south": {"uv": [4, 0, 8, 4], "texture": "#mt"},
				"west": {"uv": [8, 0, 12, 4], "texture": "#mt"},
				"up": {"uv": [4, 4, 8, 8], "texture": "#mt"},
				"down": {"uv": [0, 8, 4, 12], "texture": "#mt"}
			}
		},
		{
			"name": "overlay",
			"from": [-0.5, -0.5, -0.5],
			"to": [16.5, 16.5, 16.5],
			"color": 9,
			"faces": {
				"north": {"uv": [12, 8, 16, 12], "texture": "#ot"},
				"east": {"uv": [12, 4, 16, 8], "texture": "#ot"},
				"south": {"uv": [8, 8, 12, 12], "texture": "#ot"},
				"west": {"uv": [4, 8, 8, 12], "texture": "#ot"},
				"up": {"uv": [8, 4, 12, 8], "texture": "#ot"},
				"down": {"uv": [12, 0, 16, 4], "texture": "#ot"}
			}
		}
	]
}